{
  "秋の田のかりほの庵の": "秋の田のかりほの庵のとまをあらみわがころもでは露にぬれつゝ",
  "春すぎて夏来にけらし": "春すぎて夏来にけらし白妙の衣ほすてふ天の香具山",
  "足引きの山鳥の尾の": "足引きの山鳥の尾のしだりおのながながし夜をひとりかもねん",
  "田子の浦にうち出てみれば": "田子の浦にうち出てみれば白妙のふじのたかねに雪はふりつゝ",
  "おくやまに紅葉ふみわけ": "おくやまに紅葉ふみわけ鳴く鹿の声きく時ぞ秋は悲しき"
}
